ingredientId,ingredientName
0,
1,Heavy cream flavored with Hum Liqueur
2,Celery Root Puree
3,House-made Spiced Pumpkin Puree
4,Fee Brothers Celery Bitters
5,Hibiscus/rose syrup
6,Batavia Arrack
7,Activated Charcoal
8,Ginger Ale
9,Tempus Fugit Kina L'Aero d'Or
10,Chamomile Tea Syrup
11,Demerara Syrup (2:1)
12,BarSol Primero Quebranta Pisco
13,Fee Bros Lemon Bitters
14,oz 2 Dashes Orange Bitters
15,Pineapple Juice
16,D'Arisit Xtabentun Honey Liqueur
17,Islay Scotch
18,Simple Syrup (1.5 : 1)
19,Strawberry juice
20,Copper & Kings Absinthe
21,Bundaberg Ginger Beer
22,Yuzu-Infused Vieux Pontarlier Absinthe Francaise Superieure
23,float Ale
24,The Bitter Truth Grapefruit Bitters
25,Rhubarb Syrup
26,Extra Dry Vermouth
27,Okinawa sugar
28,Lemon slice
29,Calisaya
30,Orchard Syrup
31,Ardbeg Ten
32,Hazelnut Cinnamon syrup
33,J. T. Taylor's Falernum
34,Cranberry Juice
35,Caper berry
36,Fee Brothers Gin Barrel Aged Bitters
37,Baked Apple Bitters
38,Vanilla Agave Nectar
39,Amaro Sibilla
40,Luxardo Amaro Abano
41,Mint
42,Pure Cane Simple Syrup
43,Ghost-Pepper-Infused Campari
44,Luxardo Sambuca dei Cesari
45,Gossling's 151 Rum
46,C. Drouin Pommeau de Normandie
47,Fresh egg White
48,SC Demerara Syrup
49,top Pear Cider
50,Fuji Apple Cider
51,Basil-Infused White Rum
52,Broker's Gin
53,top Fever-Tree Tonic Water
54,Bittermens Orange Cream Citrate
55,Sioux City Sarsparilla Soda
56,Banks 5 Island Rum
57,Breck Bourbon
58,Brown Sugar
59,Green Tabasco
60,Gomme syrup
61,Rich Brown Sugar Simple Syrup
62,Luxardo Liquore St. Antonio
63,Condense Milk
64,Coconut Water
65,Oloroso & Moscatel Blend
66,Orange slice
67,lemon Lemon
68,House Ginger Beer
69,Small Hand Foods Orgeat
70,Lemon-Celery Bitters
71,Pear Bitters
72,Montenegro Amaro Liquore Italiano
73,Earl Grey Syrup
74,Miso washed White Rhum Agricole
75,East Imperial Superior Tonic 
76,F. Meyer Mirabelle (Yellow Plum)
77,Barr Hill Gin
78,Bitter
79,Whole licorice root
80,Pineapple-Infused Mezcal
81,Whole Peppercorns
82,Cane sugar syrup
83,Fresh Cider
84,Honey-Ginger Syrup
85,Ypiòca
86,Clover Honey Syrup
87,rinse St. George Absinthe
88,Rock & Rye
89,California Poppy Oil
90,Honey-Pear Liqueur
91,Black Licorice-Infused Angostura Bitters
92,Luxardo Orgeat Syrup
93,Fresh lemon
94,Hot coffee
95,Beet Sugar Water
96,St. Germaine Elderflower Liqueur
97,Honey Syrup
98,Fresh Squeezed Ruby Grapefruit
99,Napoleon Amontillado
100,Pink Pigeon Rum
101,Tempus Fugit Alessio Vino Chinato
102,Strawberry & Black Pepper Shrub
103,Vanilla Syrup
104,Broker's London Dry Gin
105,House-made Apple Pie Bitters
106,Smoked Malt
107,Rose Water
108,Barr Hill Honey Gin
109,Lemon sorbet
110,float Luxardo Aperitivo
111,Vieux Pontarlier Absinthe Francaise Superieure
112,Apple Brandy
113,Lazzaroni Amaro
114,Basil
115,Rich simple syrup (2:1 sugar to water)
116,Passion Fruit (fresh or puree)
117,float Luxardo Amaretto di Saschira
118,Strawberry
119,Leopold Bros. Sour Apple Liqueur
120,Jamaican Rum
121,Wild Turkey 101 Bourbon
122,Heavy cream
123,Hangar 1 Buddha's Hand Citron Vodka
124,Fennel Bitters
125,Rothman & Winter Orchard Apricot Liqueur
126,Espresso coffee
127,Briottet Creme de Mure (Blackberry)
128,Citric Acid Solution
129,Coconut Milk
130,Ancho Chile-Infused Simple Syrup
131,Calvados
132,Pedro Ximenez Sherry
133,Ypioca Brasilizar Cachaca Prata Reserva Especial
134,Oloroso Sherry
135,Soda
136,Falernum
137,Pear flavored Vodka
138,Tequila
139,The Genuine Curacao Liqueur Orange
140,top Anchor California Lager
141,Graham's 20 Year Tawny Port
142,top Club Soda
143,Vya Dry Vermouth
144,Fresh grapefruit juice
145,part Fee Brothers Whiskey Barrel Bitters
146,Lemon Peel
147,Prata Cachaca
148,Rich coffee syrup
149,Rich Demerara Simple Syrup
150,Don's Mix
151,Lustau Pedro Ximénez Sherry
152,Cold water
153,Applejack
154,Rich Simple Syrup
155,Benedictine
156,Soda Water
157,Giffard Abricot du Roussillon
158,Duplais Swiss Absinthe Blanche
159,Jummai Ginjo Sake
160,Bittermens Hopped Grapefruit Bitters
161,Roasted Cherries
162,Cloves torched & muddled
163,Mole
164,Perfect Puree Apricot
165,Maple Syrup
166,Agave Syrup
167,Chinaco Blanco Tequila
168,Bay Leaf-Infused Honey Syrup
169,Allspice Berries
170,Fresh lemon syrup
171,BenRiach Curiositas Single Malt 10 YO
172,Pages Elderflower Syrup
173,Hirsh Pinot Noir Reduction
174,Fee Brothers Orange Flower Water
175,Dolin Dry Vermouth
176,Forgery Earth Day Bitters
177,Good quality sharp lemonade
178,Cinnamon Wineshine Brandy
179,float Prosecco
180,Apple & Cinnamon-Infused Karlsson's Gold Vodka
181,D'aristi 10 YR Rum
182,float Anchor California Lager
183,Rye or Bourbon Whiskey
184,House-made Green Apple Purée
185,Hidalgo La Gitana Manzanilla Sherry
186,Apple Cider Reduction
187,Root 23 Cherry Almond Simple Syrup
188,Blended Aged Rum
189,Pilon Syrup
190,Demitri's Bloody Mary Seasoning
191,Cinnamon
192,Kumquats
193,Scrappy's Aromatic Bitters
194,Hibiscus syrup
195,Bombay Dry Gin
196,Basil Leaves
197,Basic House Lemonade
198,White peach puree
199,Cranberry Bitters
200,Rhubarb Infused Gin
201,Sparkling Rose
202,Honey
203,Rooibus Tea (steeped and cooled)
204,Bar Keep Baked apple bitters
205,Coconut milk
206,Luxardo Angioletto (Hazelnut Liqueur)
207,Vanilla Marinade
208,Cava
209,float Pisco
210,Pumpkin-Infused Glenrothes Vintage Reserve
211,Bittercube Corazon Bitters
212,Don Ciccio & Figli Concerto
213,Rich Wild Sage Honey Syrup
214,Rich Simple (2:1)
215,Nigori sake (Unfiltered)
216,Blended Lightly Aged Rum
217,coffee spoon Sugar Syrup
218,Orange Cordial
219,House-made Roasted Banana Bitters (or Bittermens Tiki Bitters)
220,Vanilla
221,Old Tom Gin
222,Luxardo Sangue Morlacco Cherry Liqueur
223,Thai Basil Syrup
224,IPA
225,Juice of an Orange
226,Nikka Whisky Taketsuru Pure Malt 12 YO
227,Coconut Vinegar
228,Bin 27 Port
229,Simple Syrup
230,Pastis Prado
231,Fresh Lemon Juice
232,Fentimans Ginger Beer
233,Atomized Pipe Tobacco Essence
234,Brandy de Jerez (Foie Gras-Infused)
235,Sugar Syrup
236,Lemon Peel (white pith removed and julienned)
237,Star Anise
238,Satsuma slices
239,Large Pieces Candied Ginger
240,Tempus Fugit Alessio Extra Dry Vermouth
241,oz Heavy Cream
242,Jack Daniel's
243,muddled
244,Fee Brothers Cranberry Bitters
245,Black Pepper Balsamic Shrub
246,Cocktail onion
247,Salt
248,Mint leaves
249,Fever-Tree Lemonade
250,BarSol Selecto Italia Pisco
251,Heavy Cream
252,Black Rum
253,grated
254,Monin Apple Puree
255,Fresh pineapple juice
256,1/2 oz Condensed milk
257,float Tonic Water
258,Mandarine Napoleon
259,Sweet vermouth
260,Red Vermouth
261,Martini & Rossi Sweet Vermouth
262,Pierre Ferrand Dry Orange Curacao
263,top Soda
264,Passion fruit juice
265,Carbonated Water
266,Granny Smith Apple Juice
267,Carpano Antica Vermouth
268,Finely chopped drained stem ginger in syrup
269,Fresh orange juice
270,Pomegranate juice
271,Nocino
272,Concord grapes
273,Sugar Cube
274,Pipparas Pepper
275,Lime Juice
276,Orange bitters
277,Fever-Tree Bitter Lemon
278,float Pomegranate liqueur
279,top Fever-Tree Mediterranean Tonic Water
280,Mezcal
281,Bittercube Bitters Jamaican #2
282,Dolin Rouge Vermouth
283,Topo Chico Mineral Water
284,Vodka
285,Luxardo Fernet
286,Fresh Lime Juice
287,Fresh Cantaloupe Juice
288,Rothman & Winter Orchard Pear Liqueur
289,Liqueur de Violette
290,Pistachio syrup
291,Orgeat Syrup
292,Duplais Swiss Absinthe Verte
293,Bloody mix
294,Rich Simple Syrup (2:1)
295,Aromatic Bitters
296,Orange marmalade syrup
297,Blood Orange Vanilla Mint Puree
298,Orange blossom water
299,Ginger beer
300,Castilian Tincture
301,Carpano Antica
302,Walnut Liqueur
303,Ca' Secco Sparkling
304,Orange Juice
305,top Founders Porter
306,Sherry
307,Chamucos Blanco Tequila
308,Strawberry shrub
309,Cinnamon stick
310,Contratto Bianco Vermouth
311,float Mango Flavored Rum
312,Orange Liqueur
313,Jalapeno-Orange Simple Syrup
314,Bulleit Rye
315,fill Club soda
316,Soy milk coffee foam
317,small scoop Lemon Sorbet
318,Basil Leaf
319,float Bitter Lemon Soda
320,House-made Cranberry Syrup
321,Tonic water
322,oz Mexican Coca Cola
323,Reisetbauer Carrot Eau De Vie
324,Strawberries
325,Darjeeling simple syrup
326,Dancing Pines Black Walnut Bourbon
327,BarSol Selecto Acholado Pisco
328,Cane Sugar Syrup
329,Whole Egg
330,Chilled club soda
331,Giffard Banane du Brésil
332,Creme de Cacao
333,Brown sugar
334,Lemon lime soda
335,Cyril Zangs Double Zero Eau de Vie de Cidre
336,Oatmeal-Infused Karlsson's Gold Vodka
337,Chateau de Montifaud Pineau des Charentes Rose
338,Cucumber slices
339,Ginger Syrup
340,Kombu tincture
341,Luxardo Cherry Syrup
342,Fresh Ginger Syrup
343,Pickled okra
344,Angostura
345,Luxardo Triplum (Triple Sec)
346,Ginger ale
347,Wild Hibiscus Tea
348,Coconut Rum
349,bag Chai Tea
350,Plantation Pineapple Rum
351,Briottet Creme de Framboise (Raspberry)
352,Smith & Cross
353,Nikka Coffey Grain Whiskey
354,Watermelon Liqueur
355,15 YO Sherry
356,Black pepper
357,Chartreuse
358,Sparkling Water
359,Almond Cream Soda
360,Simple Syrup (1:1)
361,Raspberry Jello packages
362,fill Tonic water
363,Hot Water
364,Strega
365,White Port
366,Pasteurized Egg White
367,Noyeau de Poissy B
368,Sparkling Wine
369,Belle Brillet
370,Orange Blossom Water
371,Luxardo Maraschino Liqueur
372,Grade-A Maple Syrup (prefer McClure's)
373,Angostura bitters
374,Tomato Juice
375,Junmai Sake
376,Lime Juice 
377,Old Forester Bonded Bourbon
378,Rittenhouse Rye
379,oz St. Germaine Elderflower Liqueur
380,Coriander Tincture
381,Chocolate Mole Bitters
382,float Gosslings 151 Rum
383,Mandarin Orange
384,Nutmeg
385,float Dry Sparkling Wine
386,Dijon Blue Curaçao
387,oz Lemon
388,Fever-Tree Tonic
389,Woodford Reserve Double Oaked
390,top Ginger Beer
391,Fresh Squeezed Pineapple Juice
392,Boiron Kalamansi Juice
393,Citric Acid or Lime Juice
394,Tempus Fugit Alessio Vermouth Chinato
395,Glenrothes Bourbon Reserve
396,Pear Watercress Puree
397,Lavander syrup
398,No.3 London Dry Gin or H by HINE
399,Luxardo Cherry Syrup (from jar of cherries)
400,Truffle Tincture
401,Bittermens Burlesque Bitters
402,Homemade Irish Cream
403,mist Laphroaig
404,Cannella Cinnamon Cordial
405,oz Elder Flower Liquor
406,Chocolate Bitters
407,Fernet-Branca
408,Acacia Honey Syrup
409,1/2 oz Old Potrero Straight Rye Whiskey
410,Simple syrup (2:1 sugar water)
411,splash Soda Water
412,Fresh squeezed lime juice
413,Grapefruit Shrub
414,Mandarine Napoléon
415,Fresh cilantro (stems on)
416,St. George Absinthe
417,Chateau de Montifaud Cognac VSOP
418,Dolin Blanc
419,Apple Water
420,House-made Organic Pear Syrup
421,Chateau de Montifaud XO Silver
422,Lillet Rose
423,Real Lemon Juice
424,Penny Blue Mauritian Rum
425,HINE Rare VSOP
426,Ginger root
427,Vanilla Powder
428,Orange-scented Maple Syrup
429,Double cream
430,Spiced Butter
431,No.3 London Dry Gin
432,Olive Juice
433,Sauternes
434,Anchor Liberty Ale
435,top Hot Water
436,Fresh pressed Apple Cider
437,Chateau de Montifaud Reserve Speciale Michel Vallet
438,Jerry Thomas Bitters
439,Cold-pressed Apple Cider
440,Lemon juice
441,Beet Thyme Reduction
442,New York Apple Whisky
443,float English Harbour Rum
444,Mancino Vermouth Secco
445,Grenadine 'Layered' Beer Back
446,St. Elizabeth Allspice Dram
447,Hard Apple Cider
448,Nikka Coffey Grain Whisky
449,Jasmine Green Tea
450,Grenadine
451,Snake Oil's House-made Sarsaparilla Syrup
452,Peach Puree
453,Fresh Lemon
454,Fresh Lemon Juice 
455,Sun Gold Cherry Tomatoes
456,Pressed Apple Juice
457,Zirbenz Stone Pine
458,Pear Sage Foam
459,Golden Sesame Honey
460,Pusser's Blue Label Rum 
461,Glenrothes Vintage Reserve
462,Cold Blue Bottle Coffee
463,Rhum Agricole-style
464,Milk
465,Fresh Raspberries
466,Old Potrero Straight Rye Whiskey
467,Cane Sugar
468,Tippleman's Barrel Smoked Maple Syrup
469,few drops Peychaud's Bitters
470,Simple Syrup (equal parts sugar and water)
471,Seedless Blackberry Jam
472,Champagne or Prosecco
473,zested (plus flesh of one lemon)
474,Guava Nectar
475,Rocoto passion fruit reduction
476,Grapes
477,Vanilla-Salt Spray
478,Perfect Puree White Peach
479,Hirsch Small Batch Reserve Bourbon
480,LemonJuice
481,Grapefruit
482,Ginger-Cinnamon Syrup
483,Walnut Oil
484,Branca Menta
485,fill Soda water
486,Coconut Pistachio Puree
487,Seltzer Water
488,Monin French Raspberry Syrup
489,Lager
490,Yellow Chartreuse
491,Pomegranate Ice Cube
492,Thyme Simple Syrup
493,Molasses
494,Orange Sorbet
495,Lustau Dry Olorosso Sherry
496,Averna Amaro
497,Orgeat
498,Fever Tree Ginger Beer
499,Genevieve Gin
500,Clover's Gingersnap
501,Fresh Sage leaves
502,Chilled Dry Champagne
503,Lemon Verbena Cordial
504,Simple syrup
505,Cinnamon-Chipotle Syrup
506,Lemon zest
507,float Old Vine Zin
508,Domingo Perez Marin 'la Guita' Manzanilla Sherry
509,Bar Keep fennel bitters
510,Vanilla ice cream
511,Spiced Apricot Syrup
512,Funkin Passion Fruit Puree
513,Passion fruit
514,Cherry Herring
515,Old Overholt Straight Rye Whiskey
516,Sweet Vermouth
517,Lustau East India Solera
518,Salers Gentiane Aperitif
519,Snake Oil's House-made Pomegranate Bitters
520,Cocchi Vermouth di Torino
521,Honey Syrup (1:1 honey & water)
522,El Tesoro Reposado Tequila
523,Everclear
524,top Fever-Tree Ginger Ale
525,Ginger/Cardamom/Honey Syrup
526,Hophead Vodka
527,Black Peppercorns
528,Habanero tincture
529,top Sparkling Water
530,Clarified Milk
531,Hangar 1 Vodka
532,Sea Salt Tincture
533,Honey syrup
534,Mango Juice
535,Fresh Lime Juice
536,Honey Cinnamon Syrup
537,Vermut Vermouth
538,Lime juice
539,Leopold Bros. Bitter
540,Angostura bitters (optional)
541,Christmas Spirit
542,Simple Syrup 
543,Krogstad Aquavit
544,Toasted Pecan Syrup
545,Bittercube Door County Hop Bitters
546,H by HINE
547,Amer Picon
548,Giffard Crème de Pêche de Vigne
549,D.O.M Benedictine
550,Amaro
551,Citric Acid
552,Giffard Pamplemousse
553,Brown Sugar Syrup (2:1)
554,Lemon
555,Cinnamon Bitters
556,Amalfi Lemon
557,Thai Coconut Milk
558,Clement Creole Shrubb
559,Cointreau
560,Ancho Reyes Chile Liqueur
561,Luxardo Maraschino Cherries
562,Coca-Cola
563,Dolin Vermouth
564,fill Club Soda
565,Demerara Simple Syrup (1:1)
566,Fresh Shibori Yuzu juice
567,oz Dehydrated pear slice
568,top Homemade Pink Grapefruit Soda
569,oz Fresh lime sweet n' sour mix
570,Old Overholt Rye
571,Red Hawaiian Salt
572,Simple Syrup (optional)
573,Osha Falernum
574,Pineapple Gomme Syrup
575,Fresh Lemon Juice (optional)
576,Medium Carrot
577,Orange
578,Roasted Cherry
579,Laird's Straight Bonded
580,Pear & Celery Puree
581,Chinaco Anejo Tequila
582,Luxardo Slivovitz
583,St. Germain
584,Tempus Fugit Gran Classico Bitter
585,Bar Keep Lavender Spice Bitters
586,Lemongrass ginger syrup
587,oz Pink Pigeon Rum
588,Orange Flower Water
589,Coconut Cream
590,Pressed apple juice
591,Pontarlier Anis
592,Nux Alpina Walnut Nocino Liqueur
593,Moroccan Mint Tea (chilled)
594,Wild Turkey 101 Rye
595,Dry Amontillado Sherry
596,House-made Tarragon Tincture
597,Orange Bitters
598,Cherries
599,Fee Brothers Rhubard bitters
600,Fresh Strawberry Juice w/ Xanthan Gum
601,Apricot Eau-de-Vie
602,Dr. Adam's Boker's bitters
603,oz Prosecco
604,Vanilla flavored Vodka
605,Cherry Bitters
606,Mint Sprig
607,Demerara Sugar
608,Luxardo Espresso Italian Liqueur
609,Luxardo Amaretto di Saschira
610,Cola
611,Fresh lime sweet n' sour
612,Genever
613,Nikka Whisky Miyagikyo Single Malt 12 YO
614,float Ginger beer
615,Fresh cream(not whipped)
616,Castelvetrano Olive Brine
617,oz Pinch of Cardamom
618,Fresh Basil Leaves
619,Bols Genever
620,Cucumber Slices
621,Fresh Cranberries
622,Rose Wine
623,Mai Tai Mix
624,Fresh Squeezed Lemon Juice
625,Licor 43
626,Clarified Coconut Sugar Blood Orange Cordial
627,Xtabentun Liqueur (honey
628,Rose Poached Pear Syrup
629,beans Cocao beans
630,Dry Curacao
631,BarSol Pisco
632,Blood Orange Juice
633,oz Cinnamon
634,White dry white(preferably Sauvignon)
635,Cinnamon honey syrup
636,Fresh-Squeezed Lime Juice
637,Cold-Brew Coffee
638,Ice Cubes
639,Fresh Mint
640,Chocolate Liqueur
641,Lillet Blanc
642,Chateau de Montifaud Cognac XO
643,B.G. Reynolds Cinnamon syrup
644,Elderflower Liqueur
645,Crème Yvette
646,Momokawa Organic Junmai Ginjo Sake
647,Lemon Lime Soda
648,cube
649,Pot still-style Irish Whiskey
650,Strawberry-Raspberry Simple Syrup
651,Grade-A dark maple syrup
652,float Luxardo Fernet
653,Tempus Fugit Alessio Vermouth Bianco
654,Thai chili
655,Bywater Spice Mix
656,Red Vermouth (Antica Formula)
657,Pineapple Sorbet
658,Gin
659,Ginger-Vanilla Syrup
660,Sparkling Apple Juice
661,Bittercube Cherry Bark Vanilla Bitters
662,Dubonnet Rouge
663,Raspberry/white pepper syrup
664,Lovage Leaves
665,Sugar Rich Simple
666,Bittercube cherry bark bitters
667,Fee Brothers Aztec Chocolate Bitters
668,Junipero Gin
669,Cardamom syrup
670,Cocchi Americano Rosa
671,Kiwi
672,Lemorton Pommeau de Normandie
673,Grape juice
674,Demarara Simple Syrup
675,Fee Brother's Orange Bitters
676,Cherry-Infused Vodka
677,Curacao
678,fill Soda Water
679,Half Small Cucumber
680,Peach bitters
681,Turmeric Coconut Cream
682,House-made Honey Syrup
683,Hibiscus Simple Syrup
684,Cream (Half & Half)
685,Velvet Falernum
686,Ypioca Cachaca Prata
687,Lime Sweet n' Sour mix
688,Pear Brandy
689,Breckle's Brown Ale
690,Mansinthe Absinthe
691,Lime juice (freshly squeezed)
692,Chamomile Tea-Infused Noilly Prat Dry Vermouth
693,Red bell pepper
694,Orange marmalade
695,Cocchi Americano
696,Hepps Ghost Pepper Salt
697,Drambuie
698,Avua Amburana Cachaça
699,Homemade milk chocolate
700,Cranberry juice
701,Italian Sparkling Water
702,oz Vanilla Syrup
703,top Lemon Foam
704,Byrrh Grand Quinquina
705,Rhubarb Bitters
706,Maurin Quina
707,Ginger Zest
708,Pear Syrup
709,Gin Barrel Aged Orange Bitters
710,large Basil Leaves
711,Fragoli Strawberry
712,Garrison Brothers Flagship Bourbon
713,Fresh Thyme
714,Pomegranate Cordial
715,Rhum Agricole
716,Fig & Cinnamon Syrup
717,Amaro di Angostura
718,Ginger Brown
719,Tonic
720,Pimms
721,Lychee
722,top Steam Beer
723,Reposado Tequila
724,1/2 cups Good quality dark chocolate
725,Denizen Aged White Rum 
726,Light Rum
727,Cinnamon Sticks
728,Meyer lemon juice
729,Honey syrup (local honey cut 2:1 with water)
730,Yuzu Juice
731,Ypioca Brasilizar Cachaca Ouro Reserva Especial
732,Potato juice
733,Anchor Christmas Ale 2016
734,Braulio Amaro
735,El Guapo Tonic Syrup
736,Dry Vermouth Infusion
737,Jalapeño Syrup
738,Egg Whites
739,Fresh Apple Juice
740,Briottet Creme de Banane
741,Jasmine Tea/Rice-Infused Junipero Gin
742,Chinese Five Spice Bitters
743,Napa Valley Moscato Late Harvest (Mondavi Moscato d'Oro)
744,Etter Zuger Kirsch
745,Lemon Twist
746,Orange Liquor
747,Fee Brothers Black Walnut Bitters
748,Barolo Chinato
749,top Apple Cider
750,Dolin Genepy
751,Karlsson's Gold Vodka (Coffee-Infused)
752,Grapefruit bitters
753,J.H. Cutter Whisky
754,Hella hula bitters
755,Compas Box Great King Street Blended Scotch Whisky
756,Herbal Liqueur
757,Peach
758,Watermelon Juice
759,Ale
760,Glenrothes
761,Clear Creek Kirschwasser Eau de Vie
762,Kummel Liqueur
763,Champagne
764,Fresh Grapefruit Soda
765,Vermouth del Professore
766,Rhubarb Juice
767,Bittermens Elemakule Tiki Bitters
768,Orange juice
769,Demerara Sugar Syrup
770,Fresh Coconut Water
771,House-made Rasta Bitters
772,Small Hand Foods Gum Syrup
773,Lemon curd (or a large bar spoon)
774,Condensed milk
775,No. 209 Gin
776,Fever-Tree Ginger Beer
777,Cream (steamed as for a cappuccino)
778,Brut Champagne
779,Club Soda
780,Luxardo Cherry (muddled)
781,Heavy Whipping Cream
782,Reed's Premium Ginger Brew
783,Fresh ginger
784,Orgeat (Almond) Syrup
785,King's Ginger Liqueur
786,Deschutes Fresh Squeezed IPA (from tap)
787,Honey Jalapeño syrup
788,Citadelle Gin
789,Blackberries
790,Celery Bitters
791,Angostura Bitters
792,Japanese Whisky
793,bottle Karlsson's Gold Vodka
794,top Sparkling Wine
795,Bonded Rye
796,Calisaya Liqueur
797,Fresh sweet n' sour mix
798,Prosecco
799,Casoni 1814
800,Montelobos Mezcal
801,Fever-Tree Soda
802,Ginger Liqueur
803,Simple Syrup (2:1)
804,Egg white
805,Peach Brandy
806,Tempus Fugit Creme de Cacao
807,Van Gogh Blue Vodka
808,Kaffir Tincture
809,Tempus Fugit Spirits Alessio Vermouth di Torino
810,Nikka Whisky Taketsuru
811,Squeeze of Lime
812,oz Sprigs of Mint
813,rinse Montanaro Vermouth
814,Peach Shrub
815,Lemon Bitters
816,cloves Crushed Garlic
817,Muddled Sage Leaves
818,Lo-Fi Gentian Amaro
819,to fill Anchor California Lager
820,Meyer Lemon Juice
821,top Lemonade
822,7-Spice Syrup
823,top Banfi Rosa Regale Sparkling Wine
824,Cloves
825,High West Oat Whisky
826,Fresh lemon juice
827,Chinaco Reposado Tequila
828,Blanco Tequila
829,Kalani Coconut Liqueur
830,Passion Fruit Syrup
831,FAIR Goji Berry Liqueur
832,House-made Slivovitz (Plum Brandy)
833,Amargo Vallet
834,BarSol Perfecto Amor (Aperitif Wine)
835,Fresh-pressed Lemon Juice
836,English Harbour Rum
837,Serrano Pepper Syrup
838,Orange Cream Citrate
839,Karlsson's Gold Vodka
840,House-made Orgeat
841,House-made Allspice Dram
842,Boker’s Bitters
843,Giffard Elderflower Liqueur
844,Dry Vermouth
845,Pomegranate Syrup
846,rinse Vieux Pontarlier Absinthe Francaise Superieure
847,Small Hunk Ginger
848,Fever-Tree Indian Tonic
849,Aviation Gin
850,Chilled Dry White Wine
851,large Grapefruit Sorbet
852,oz Ginger snaps
853,Prickly Pear Puree
854,Luxardo Apricot Liqueur
855,Sweetened Apple Cider
856,Winter Spice Brown Sugar Syrup
857,Monin Cane Syrup
858,Tempus Fugit Alessio Vermouth di Torino Rosso
859,Old Forester Bourbon
860,Peach Juice
861,top Prosecco
862,Mole Bitters
863,Spirit Works Sloe Gin
864,Egg White
865,Cinnamon Syrup
866,Agave Nectar
867,Lemon Sour
868,Luxardo Aperitivo
869,House-made Yellow Shaw-treuse
870,Black Walnut Bitters
871,Fresh lime
872,Grapefruit juice
873,Lustau Oloroso Sherry
874,Brandy de Jerez
875,Ginger Beer
876,Orgeat syrup
877,Rhubarb Cucumber & Mint-Infused Junipero Gin
878,Pineapple Gum
879,pinch Grey Sea Salt
880,cored
881,Blanc Vermouth
882,House-made Citrus Bitters
883,anis)
884,Nikka Whisky Yoichi Single Malt 15 YO
885,Karlsson's Gold Vodka (Root-Infused)
886,Sage-Cilantro-Lime Syrup
887,London Dry Gin
888,Chocolate bitters
889,Creole Shrub
890,Fresh squeezed lime
891,Orange liqueur
892,Watermelon
893,The Bitter Truth Xocolate Bitters
894,Toasted Coconut Tincture
895,Pepper Corns
896,Black tea syrup
897,Lychee Puree
898,Liquid Alchemist Orgeat
899,splash Club Soda
900,Fresh Pineapple juice
901,Café Moka
902,Pomegranate Juice
903,Sweetened Condensed Coconut Milk
904,Caster Sugar
905,Old Fashioned Bitters
906,The Genuine Curacao Liqueur Clear
907,oz Marshmallow whip cream
908,Bergamot tea foam
909,Genepy
910,Grand Poppy Liqueur
911,Soda water
912,Celery stalk
913,oz Carrot Juice
914,Pineapple
915,La Quintinye Vermouth Rouge
916,Cognac
917,oz La Colombe Cold Draft Coffee
918,House Cola Syrup
919,Fino Sherry
920,Sugar
921,Spiced apple shrub
922,top Anchor Christmas Ale 2016
923,oz Sliced plum
924,Minta Soda
925,Fire and Damnation bitters
926,Barley Tea-Infused Nikka Coffey Grain Whisky
927,soaked in Peychaud's Bitters
928,Lime wedges
929,Regans' Orange Bitters No. 6
930,oz Honey Syrup
931,Marrakesh Mint Tea
932,Green Apple
933,Brachetto
934,top Abita Big Easy IPA
935,Bonal
936,Bittercube Jamaican #2 Bitters
937,Bacardi Superior Rum
938,Clove Tincture
939,Fresh pomegranate juice
940,Plymouth Gin
941,Rubarb Bitters
942,Burned Demerara Sugar Syrup
943,Round Pond Meyer Lemon Syrup
944,Single Malt Scotch
945,English Harbour Rum 5 YO
946,D'Aristi Xtabentun Honey Liqueur
947,1/2 oz Chinaco Reposado
948,oz Champagne (Sparkling Wine)
949,Chareau Liqueur
950,Lemon Juice
951,Dry Oloroso Sherry
952,Fresh mint
953,Ancho Reyes Ancho Chile Liqueur
954,Cinnamon-Candied Ginger Syrup
955,Averna
956,Cacao
957,Fresh Orange Juice
958,Mathilde Orange XO Liqueur
959,oz Junipero Gin
960,Salt Tincture
961,Espresso powder
962,Cherry Brandy
963,Vanilla Ice Cream
964,Lychee juice
965,Milk powder (or cream)
966,White Peach & Orange Chamomile Infused Sweet Vermouth
967,Gooseberry Jam
968,Acid phosphate
969,Belstar Sparkling Rose
970,Tempus Fugit Creme de Noyaux
971,Campari
972,Tempus Fugit Liqueur de Violettes
973,Peychaud's Bitters
974,Bay Leaf Syrup
975,Coco KJ (House-made Coco Lopez)
976,Banks 5 Rum
977,Green Chartreuse
978,Pumpkin vodka
979,Charbay Ruby Red Grapefruit Vodka
980,Spiced Pumpkin Butter
981,large Mint Leaves
982,Agave Syrup (1:1 agave to water)
983,Luxardo Bitter Bianco
984,Raspberries
985,House-made Simple Syrup
986,Monkey Shoulder Blended Scotch Whisky
987,Dry Riesling
988,House-made Roasted Banana Bitters
989,Aperol
990,Scrappy’s Lime Bitters
991,Dill Cordial
992,Seltzer
993,Fresh Passion Fruit
994,Cucumber
995,Doug Fir Riesling Syrup
996,Dale DeGroff's Pimento Aromatic Bitters
997,Tuaca
998,1/2 oz Sathenay Crème de Peche
999,oz Fever Tree Club Soda
1000,Strawberry Syrup
1001,Apple-infused Wild Turkey Bourbon 101
1002,Sugar Snap Peas
1003,Lavender syrup
1004,Cranberries
1005,Cinnamon Tincture
1006,Fresh Ruby Red Grapefruit Juice
1007,Yuzu
1008,The Bitter Truth Orange Bitters
1009,Big Handful Spinach Leaves
1010,Gran Classico
1011,Rye Whiskey
1012,Coffee-Infused Lustau East India Solera
1013,C. Drouin Calvados Selection
1014,Tempus Fugit Abbott's Bitters
1015,Demerara
1016,Madeira
1017,Mendolera
1018,Maestro Dobel Diamante Tequila
1019,Sherry Vinegar
1020,Lime
1021,Peated Kola Nut Tincture
1022,Celery Shrub
1023,Brandy
1024,Grapefruit flavored Vodka
1025,Sweet Marmalade
1026,H by HINE (Brown Butter-Infused)
1027,Blended Scotch
1028,Bittermens Hellfire Habanero Shrub Bitters
1029,Sweetened Condensed Milk
1030,Grüner Veltliner
1031,Kosher Salt
1032,Pinapple wheel
1033,Absinthe
1034,Peanut Butter Powder
1035,Club soda
1036,Monin Strawberry Puree
1037,Spiced kuri squash purée
1038,Jalapeno stuffed olive
1039,Horchata
1040,top Soda Water
1041,Don Cesar Pisco
1042,Unfiltered Apple Juice
1043,Matcha Tea
1044,Rich Cane Syrup
1045,Punt e Mes
1046,Noilly Prat Dry Vermouth
1047,Verjus Blanc
1048,El Guapo Tonic Bitters
1049,Ypioca Brasilizar Cachaca Prata Classica
1050,Nori-Infused Sake
1051,Chili Tincture
1052,Compass Box Great King Street Glasgow Blend
1053,Demerara Syrup (1:1)
1054,Pink Peppercorns
1055,Cardamaro
1056,Avua Cachaca Prata
1057,Luxardo Bitter
1058,float Sparkling Wine
1059,Fresh lime juice
1060,Tonic Water Ice Cubes
1061,Australian Bitters Company Aromatic Bitters
1062,Homemade orgeat
1063,Pierre Ferrand Curaçao
1064,Amaro Angeleno
1065,Egg
1066,Lavender bitters
1067,Amaro Nonino Quintessentia
1068,Tonic Water
1069,Orange Twist
1070,Red Wine
1071,1/2 oz Ypiòca
1072,Boiling water
1073,strawberries Strawberries(muddled)
1074,Hot water
1075,Briottet Creme de Cassis
1076,Cucumber wheels
1077,Luxardo Limoncello
1078,zested
1079,splash Perrier Grapefruit
1080,top Tonic
1081,Almond Milk
1082,Almond Extract
1083,top Fever-Tree Bitter Lemon
1084,Round Pond Blood Orange Syrup
1085,Luxardo Sour Cherry Syrup (Previously Amarena)
1086,Bittermens Xocolatl Mole Bitters
1087,Tart Cherry Juice
1088,Prichard's Lincoln County Lightning
1089,large chunks Pineapple
1090,Dill
1091,Cherry tomato
1092,Black Salt Tincture
1093,Fenteman's ginger beer
1094,Mint sprig
1095,Pineapple juice
1096,Small Hands Food orgeat
1097,Rittenhouse Straight Rye Whisky
1098,Kale Leaves
1099,Kaffir lime & tamarind compound syrup
1100,Apricot brandy
1101,fill Champagne
1102,Gordy’s Cocktail Pickle Brine
1103,Esprit de June
1104,oz Cucumber wheels
1105,Triple Sec
1106,Apple Cider
1107,top Ginger Ale
1108,float Coconut foam
1109,Fever-Tree Tonic Water
1110,Fresh Egg White
1111,Pineau des Charentes
1112,Jamaica basil flower syrup
1113,Mint Leaves
1114,Citrus-flavored Vodka
1115,Fee Bros. Rhubard Bitters
1116,Semper Fi White Whiskey
1117,Pepperoncini
1118,Cucumbers muddled
1119,Lemons
1120,Egg yolk
1121,Cream of Coconut
1122,Tarragon leaves
1123,Celery bitters
1124,Mulled Cider (cooled)
1125,Woodchuck Pumpkin Cider
1126,Lime Wedges
1127,Fresh Grapefruit Juice
1128,Basil leaves
1129,Agave
1130,White Rum
1131,Fee Bros Orange bitters
1132,Tahitian Vanilla Bean Syrup
1133,Mint sprigs
1134,Bittermens 'Elemakule Tiki Bitters
1135,BarSol Supremo Moste Verde Italia Pisco
1136,Citrus Agave Blend
1137,Fresh lime sweet n' sour mix
1138,Cynar
1139,Green Hat Spring/Summer Gin
1140,Cream
1141,Chopped pineapple
1142,Passion fruit puree
1143,Bitters
1144,Ancho Reyes
1145,Lustau Amontillado Sherry
1146,El Dorado 12 Year Old Rum
1147,Regans' Orange Bitters
1148,Bourbon Rye
1149,Nikka Coffey Malt Whisky
1150,Orange Peel
1151,Grapefruit Juice
1152,Grand Marnier
1153,Quady Muscat Wine
1154,Real Cranberry Juice
1155,The Bitter Truth Jerry Thomas Bitters
1156,Cinnamon syrup
1157,Lime Sour
1158,Puer Black Tea
1159,Rare Wine Co. Charleston Sercial Madeira
1160,Sliced Green Lemon
1161,Fever-Tree Sparkling Lemon
1162,Fresh cucumber juice
1163,Demerara Syrup
1164,Peche de Vigne
1165,Manzanilla Sherry
1166,Germain-Robin Absinthe
1167,Blood orange sorbet
1168,top Mixwell Young Ginger Ale
1169,Aged Rum
1170,Bob's Vanilla Bitters
1171,Rich Honey Syrup
1172,Apricot-Infused H by HINE
1173,The King's Ginger
1174,Chateau de Montifaud Pineau des Charentes Blanc
1175,Absolut Vodka
1176,Hamilton Black Jamaican Pot Still Rum
1177,Miracle Mile Forbidden Barrel Aged Bitters
1178,rinse Eau de Vie
1179,Bittermens Boston Bittahs
1180,Fresh sweet n' sour
1181,Pusser's Rum
1182,Luxardo Maraschino Cherry/Cherries
1183,Spring Water
1184,Lemon Verbana Simple
1185,Apple Bitters
1186,Whiskey Barrel Aged Bitters
1187,Avuá Prata Cachaça
1188,BenRiach Single Malt 12 YO
1189,Westland American Single Malt
1190,Tempus Fugit Creme de Menthe Glaciale
1191,Angostura Orange Bitters
1192,Lacuesta Blanco Vermouth
1193,float Ginger Beer
1194,John D. Taylor's Velvet Falernum
1195,Pumpkin Puree
1196,Assorted Complementing Botanicals
1197,The Genuine Curacao Liqueur Blue
1198,Grapefruit Bitters
1199,Salted Chocolate Bitters
1200,Chateau de Montifaud Cognac VS
1201,Bourbon
1202,New York Apple Whiskey
1203,Small Hand Foods Pineapple Gum Syrup
1204,Old Potrero Straight Rye Whiskey (Toasted Coconut Infused)
1205,Cinnamon-Clove Syrup
1206,Alvear PX Sherry
1207,Fee Bros Rhubarb bitters
1208,Gran Duque d Alba Solera gran Reserva brandy
1209,BenRiach Madeira 15 YO
1210,Seersucker Gin
1211,Yogurt Liquor
1212,juiced
1213,Mexican Coca Cola
1214,Amontillado Sherry
1215,top IPA
1216,Lemon bitters
1217,Noilly Prat Ambre Vermouth
1218,Fig-Infused C. Drouin Calvados Selection
1219,Dry vermouth
1220,Pineapple Syrup
1221,Luxardo Anisette
1222,Rich simple syrup
1223,Ginger Citrus Agave Blend
